Spaghetti Carbonara,spaghetti,bacon,olive oil,onion,garlic,eggs,parsley,Parmesan cheese
Brocoli Beef,flour,beef broth,white sugar,soy sauce,steak,ginger root,garlic,broccoli
Lemon Rosemary Salmon,lemon,rosemary,salmon,olive oil
Chicken Breast with Balsamic Vinegar and Garlic,chicken,mushrooms,flour,olive oil,garlic,balsamic vinegar,chicken broth,thyme,butter
Italian Sausage Peppers and Onions,sausage,butter,onion,red onion,garlic,red pepper,green pepper,basil,oregano,white wine
Oven-Fried Pork Chops,pork chops,butter,eggs,milk,black pepper
Pollo Fajitas,Worcestershire sauce,cider vinegar,soy sauce,chili powder,garlic,hot pepper,chicken,vegetable oil,onion,green pepper,lemon
Quick Fish Tacos,sour cream,lime juice,jalapeno pepper,red cabbage,onions,olive oil,tilapia fillets,tortillas,cilantro
Marinated Grilled Shrimp,garlic,olive oil,tomato sauce,red wine vinegar,basil,cayenne pepper,shrimp
Tuna Casserole,macaroni,tuna,chicken soup,Cheddar cheese,onions
Spinach and Feta Pasta,pasta,olive oil,onion,garlic,tomatoes,mushrooms,spinach,red pepper,feta cheese
Hamburgers,ground beef,egg,bread crumbs,evaporated milk,Worcestershire sauce,cayenne pepper,garlic
Mongolian Beef and Spring Onions,vegetable oil,garlic,ginger root,soy sauce,brown sugar,beef,cornstarch,onions
Mexican Lasagna,ground beef,tomatoes,tortillas,salsa,Colby cheese
